id,status
c12efaba-2bf6-42f3-a9df-5981cf0d3f7f,in_progress
9ff1f4fa-cdc2-4799-b92c-b155ae66372f,done
bfca52f2-5ef5-4b5b-8d1f-4990bb0c288d,done
ee2ece47-b4e3-4df0-83db-19c2f3a34bfa,done
89019c0a-c8cd-4e0d-b8b4-93301eccd3e7,done
8630186f-3b7e-4ac1-9119-31bcb071eb93,done
d6c2e19f-f294-42f4-ac16-0bd7370f438b,done
5cb73e7c-7c79-4f64-8ec1-74faf0234810,done
2a435199-ab93-4b6b-95da-fa371a8af344,done
db87842e-0868-41d2-8309-524f9958283a,done
fa386574-ec45-4e46-ac60-b61107e2ada8,done
d4dd71bf-d4f6-456f-a94c-10bfba368e42,done
